Workbook

Sheet Инструкция
A1: Как пользоваться этим файлом
A3: Здесь посчитано, какие хабы выгоднее держать. Цифры взяты для примера, это не данные реальной компании.
A5: Что делать по порядку
A6: 1. Откройте лист «Результат». Там уже стоит ответ для обычных условий.
A7: 2. Перейдите на лист «Данные». В жёлтых клетках стоят числа, их можно менять.
A8: 3. Клетка B3: на сколько процентов выросли тарифы. Поставьте 30 и посмотрите, что изменилось на листе «Результат».
A9: 4. Клетка B4: граница. 1 значит закрыта, 0 значит открыта. Поставьте 1 и снова посмотрите на «Результат».
A10: 5. Сравните свои числа с таблицей внизу листа «Результат». Если совпали, всё считается правильно.
A11: 6. Верните B3 в 0 и B4 в 0.
A13: Что лежит на листах
A14: Данные: все исходные числа и таблица стоимости доставки.
A15: Перебор: проверены все 31 способа выбрать хабы из пяти. В каждой строке итоговые затраты.
... A28: Вместимость хабов, сезонность, пошлины. Все товары считаются как один вид.

Sheet Данные
A1: Исходные данные (условные)
A3: Рост тарифов на плечо из Китая, % | B3: 0
A4: Граница закрыта (1 да, 0 нет) | B4: 0
A5: Ставка доставки, тыс. ₽ за т·км | B5: 0.0035
A6: Скорость, км/сутки | B6: 600
A7: Стоимость суток в пути, тыс. ₽/т | B7: 0.4
A8: Граница: множитель стоимости входа для сухопутных хабов | B8: 1.15
A9: Граница: добавочные дни для сухопутных хабов | B9: 14
A10: Хабы
A11: Хаб | B11: Хранение, млн ₽/год | C11: Вход из Китая, тыс. ₽/т | D11: Дни до хаба | E11: Сухопутный (1/0)
A12: Владивосток | B12: 120 | C12: 6 | D12: 12 | E12: 0
A13: Новосибирск | B13: 90 | C13: 10 | D13: 12 | E13: 1
A14: Екатеринбург | B14: 100 | C14: 13 | D14: 14 | E14: 1
A15: Москва | B15: 220 | C15: 18 | D15: 18 | E15: 1
A16: Краснодар | B16: 110 | C16: 20 | D16: 20 | E16: 1
A18: Спрос по регионам
A19: Регион | B19: Спрос, тыс. т/год
A20: Центр | B20: 40
A21: Северо-Запад | B21: 18
A22: Поволжье | B22: 14
A23: Юг | B23: 14
A24: Урал | B24: 10
A25: Сибирь | B25: 8
A26: Дальний Восток | B26: 6
A27: Итого | B27: =SUM(B20:B26)
A28: Расстояния хаб → регион, км (по прямой × 1,3). Можно заменить своими.
A29: Хаб | B29: Центр | C29: Северо-Запад | D29: Поволжье | E29: Юг | F29: Урал | G29: Сибирь | H29: Дальний Восток
A30: Владивосток | B30: 8340 | C30: 8497 | D30: 7847 | E30: 8836 | F30: 6584 | G30: 4830 | H30: 0
A31: Новосибирск | B31: 3654 | C31: 4035 | D31: 3135 | E31: 4007 | F31: 1817 | G31: 0 | H31: 4830
A32: Екатеринбург | B32: 1842 | C32: 2315 | D32: 1321 | E32: 2305 | F32: 0 | G32: 1817 | H32: 6584
A33: Москва | B33: 0 | C33: 823 | D33: 522 | E33: 1247 | F33: 1842 | G33: 3654 | H33: 8340
A34: Краснодар | B34: 1553 | C34: 2278 | D34: 1694 | E34: 324 | F34: 2586 | G34: 4246 | H34: 9074
A36: Стоимость доставки 1 т от хаба до региона, тыс. ₽ (формулы)
A37: Хаб | B37: Центр | C37: Северо-Запад | D37: Поволжье | E37: Юг | F37: Урал | G37: Сибирь | H37: Дальний Восток
A38: Владивосток | B38: =$C$12*(1+$B$3/100)*IF(AND($B$4=1,$E$12=1),$B$8,1)+B30*$B$5+($D$12+IF(AND($B$4=1,$E$12=1),$B$9,0)+B30/$B$6)*$B$7 | C38: =$C$12*(1+$B$3/100)*IF(AND($B$4=1,$E$12=1),$B$8,1)+C30*$B$5+($D$12+IF(AND($B$4=1,$E$12=1),$B$9,0)+C30/$B$6)*$B$7 | D38: =$C$12*(1+$B$3/100)*IF(AND($B$4=1,$E$12=1),$B$8,1)+D30*$B$5+($D$12+IF(AND($B$4=1,$E$12=1),$B$9,0)+D30/$B$6)*$B$7 | E38: =$C$12*(1+$B$3/100)*IF(AND($B$4=1,$E$12=1),$B$8,1)+E30*$B$5+($D$12+IF(AND($B$4=1,$E$12=1),$B$9,0)+E30/$B$6)*$B$7 | F38: =$C$12*(1+$B$3/100)*IF(AND($B$4=1,$E$12=1),$B$8,1)+F30*$B$5+($D$12+IF(AND($B$4=1,$E$12=1),$B$9,0)+F30/$B$6)*$B$7 | G38: =$C$12*(1+$B$3/100)*IF(AND($B$4=1,$E$12=1),$B$8,1)+G30*$B$5+($D$12+IF(AND($B$4=1,$E$12=1),$B$9,0)+G30/$B$6)*$B$7 | H38: =$C$12*(1+$B$3/100)*IF(AND($B$4=1,$E$12=1),$B$8,1)+H30*$B$5+($D$12+IF(AND($B$4=1,$E$12=1),$B$9,0)+H30/$B$6)*$B$7
A39: Новосибирск | B39: =$C$13*(1+$B$3/100)*IF(AND($B$4=1,$E$13=1),$B$8,1)+B31*$B$5+($D$13+IF(AND($B$4=1,$E$13=1),$B$9,0)+B31/$B$6)*$B$7 | C39: =$C$13*(1+$B$3/100)*IF(AND($B$4=1,$E$13=1),$B$8,1)+C31*$B$5+($D$13+IF(AND($B$4=1,$E$13=1),$B$9,0)+C31/$B$6)*$B$7 | D39: =$C$13*(1+$B$3/100)*IF(AND($B$4=1,$E$13=1),$B$8,1)+D31*$B$5+($D$13+IF(AND($B$4=1,$E$13=1),$B$9,0)+D31/$B$6)*$B$7 | E39: =$C$13*(1+$B$3/100)*IF(AND($B$4=1,$E$13=1),$B$8,1)+E31*$B$5+($D$13+IF(AND($B$4=1,$E$13=1),$B$9,0)+E31/$B$6)*$B$7 | F39: =$C$13*(1+$B$3/100)*IF(AND($B$4=1,$E$13=1),$B$8,1)+F31*$B$5+($D$13+IF(AND($B$4=1,$E$13=1),$B$9,0)+F31/$B$6)*$B$7 | G39: =$C$13*(1+$B$3/100)*IF(AND($B$4=1,$E$13=1),$B$8,1)+G31*$B$5+($D$13+IF(AND($B$4=1,$E$13=1),$B$9,0)+G31/$B$6)*$B$7 | H39: =$C$13*(1+$B$3/100)*IF(AND($B$4=1,$E$13=1),$B$8,1)+H31*$B$5+($D$13+IF(AND($B$4=1,$E$13=1),$B$9,0)+H31/$B$6)*$B$7
A40: Екатеринбург | B40: =$C$14*(1+$B$3/100)*IF(AND($B$4=1,$E$14=1),$B$8,1)+B32*$B$5+($D$14+IF(AND($B$4=1,$E$14=1),$B$9,0)+B32/$B$6)*$B$7 | C40: =$C$14*(1+$B$3/100)*IF(AND($B$4=1,$E$14=1),$B$8,1)+C32*$B$5+($D$14+IF(AND($B$4=1,$E$14=1),$B$9,0)+C32/$B$6)*$B$7 | D40: =$C$14*(1+$B$3/100)*IF(AND($B$4=1,$E$14=1),$B$8,1)+D32*$B$5+($D$14+IF(AND($B$4=1,$E$14=1),$B$9,0)+D32/$B$6)*$B$7 | E40: =$C$14*(1+$B$3/100)*IF(AND($B$4=1,$E$14=1),$B$8,1)+E32*$B$5+($D$14+IF(AND($B$4=1,$E$14=1),$B$9,0)+E32/$B$6)*$B$7 | F40: =$C$14*(1+$B$3/100)*IF(AND($B$4=1,$E$14=1),$B$8,1)+F32*$B$5+($D$14+IF(AND($B$4=1,$E$14=1),$B$9,0)+F32/$B$6)*$B$7 | G40: =$C$14*(1+$B$3/100)*IF(AND($B$4=1,$E$14=1),$B$8,1)+G32*$B$5+($D$14+IF(AND($B$4=1,$E$14=1),$B$9,0)+G32/$B$6)*$B$7 | H40: =$C$14*(1+$B$3/100)*IF(AND($B$4=1,$E$14=1),$B$8,1)+H32*$B$5+($D$14+IF(AND($B$4=1,$E$14=1),$B$9,0)+H32/$B$6)*$B$7
A41: Москва | B41: =$C$15*(1+$B$3/100)*IF(AND($B$4=1,$E$15=1),$B$8,1)+B33*$B$5+($D$15+IF(AND($B$4=1,$E$15=1),$B$9,0)+B33/$B$6)*$B$7 | C41: =$C$15*(1+$B$3/100)*IF(AND($B$4=1,$E$15=1),$B$8,1)+C33*$B$5+($D$15+IF(AND($B$4=1,$E$15=1),$B$9,0)+C33/$B$6)*$B$7 | D41: =$C$15*(1+$B$3/100)*IF(AND($B$4=1,$E$15=1),$B$8,1)+D33*$B$5+($D$15+IF(AND($B$4=1,$E$15=1),$B$9,0)+D33/$B$6)*$B$7 | E41: =$C$15*(1+$B$3/100)*IF(AND($B$4=1,$E$15=1),$B$8,1)+E33*$B$5+($D$15+IF(AND($B$4=1,$E$15=1),$B$9,0)+E33/$B$6)*$B$7 | F41: =$C$15*(1+$B$3/100)*IF(AND($B$4=1,$E$15=1),$B$8,1)+F33*$B$5+($D$15+IF(AND($B$4=1,$E$15=1),$B$9,0)+F33/$B$6)*$B$7 | G41: =$C$15*(1+$B$3/100)*IF(AND($B$4=1,$E$15=1),$B$8,1)+G33*$B$5+($D$15+IF(AND($B$4=1,$E$15=1),$B$9,0)+G33/$B$6)*$B$7 | H41: =$C$15*(1+$B$3/100)*IF(AND($B$4=1,$E$15=1),$B$8,1)+H33*$B$5+($D$15+IF(AND($B$4=1,$E$15=1),$B$9,0)+H33/$B$6)*$B$7
A42: Краснодар | B42: =$C$16*(1+$B$3/100)*IF(AND($B$4=1,$E$16=1),$B$8,1)+B34*$B$5+($D$16+IF(AND($B$4=1,$E$16=1),$B$9,0)+B34/$B$6)*$B$7 | C42: =$C$16*(1+$B$3/100)*IF(AND($B$4=1,$E$16=1),$B$8,1)+C34*$B$5+($D$16+IF(AND($B$4=1,$E$16=1),$B$9,0)+C34/$B$6)*$B$7 | D42: =$C$16*(1+$B$3/100)*IF(AND($B$4=1,$E$16=1),$B$8,1)+D34*$B$5+($D$16+IF(AND($B$4=1,$E$16=1),$B$9,0)+D34/$B$6)*$B$7 | E42: =$C$16*(1+$B$3/100)*IF(AND($B$4=1,$E$16=1),$B$8,1)+E34*$B$5+($D$16+IF(AND($B$4=1,$E$16=1),$B$9,0)+E34/$B$6)*$B$7 | F42: =$C$16*(1+$B$3/100)*IF(AND($B$4=1,$E$16=1),$B$8,1)+F34*$B$5+($D$16+IF(AND($B$4=1,$E$16=1),$B$9,0)+F34/$B$6)*$B$7 | G42: =$C$16*(1+$B$3/100)*IF(AND($B$4=1,$E$16=1),$B$8,1)+G34*$B$5+($D$16+IF(AND($B$4=1,$E$16=1),$B$9,0)+G34/$B$6)*$B$7 | H42: =$C$16*(1+$B$3/100)*IF(AND($B$4=1,$E$16=1),$B$8,1)+H34*$B$5+($D$16+IF(AND($B$4=1,$E$16=1),$B$9,0)+H34/$B$6)*$B$7

Sheet Перебор
A1: № | B1: Владивосток | C1: Новосибирск | D1: Екатеринбург | E1: Москва | F1: Краснодар | G1: Ст-ть: Центр, тыс. ₽/т | H1: Ст-ть: Северо-Запад, тыс. ₽/т | I1: Ст-ть: Поволжье, тыс. ₽/т | J1: Ст-ть: Юг, тыс. ₽/т | K1: Ст-ть: Урал, тыс. ₽/т | L1: Ст-ть: Сибирь, тыс. ₽/т | M1: Ст-ть: Дальний Восток, тыс. ₽/т | N1: Хранение, млн ₽ | O1: Доставка, млн ₽ | P1: Итого, млн ₽ | Q1: Сеть
A2: 1 | B2: 1 | C2: 0 | D2: 0 | E2: 0 | F2: 0 | G2: =MIN(IF($B2=1,'Данные'!B$38,1000000),IF($C2=1,'Данные'!B$39,1000000),IF($D2=1,'Данные'!B$40,1000000),IF($E2=1,'Данные'!B$41,1000000),IF($F2=1,'Данные'!B$42,1000000)) | H2: =MIN(IF($B2=1,'Данные'!C$38,1000000),IF($C2=1,'Данные'!C$39,1000000),IF($D2=1,'Данные'!C$40,1000000),IF($E2=1,'Данные'!C$41,1000000),IF($F2=1,'Данные'!C$42,1000000)) | I2: =MIN(IF($B2=1,'Данные'!D$38,1000000),IF($C2=1,'Данные'!D$39,1000000),IF($D2=1,'Данные'!D$40,1000000),IF($E2=1,'Данные'!D$41,1000000),IF($F2=1,'Данные'!D$42,1000000)) | J2: =MIN(IF($B2=1,'Данные'!E$38,1000000),IF($C2=1,'Данные'!E$39,1000000),IF($D2=1,'Данные'!E$40,1000000),IF($E2=1,'Данные'!E$41,1000000),IF($F2=1,'Данные'!E$42,1000000)) | K2: =MIN(IF($B2=1,'Данные'!F$38,1000000),IF($C2=1,'Данные'!F$39,1000000),IF($D2=1,'Данные'!F$40,1000000),IF($E2=1,'Данные'!F$41,1000000),IF($F2=1,'Данные'!F$42,1000000)) | L2: =MIN(IF($B2=1,'Данные'!G$38,1000000),IF($C2=1,'Данные'!G$39,1000000),IF($D2=1,'Данные'!G$40,1000000),IF($E2=1,'Данные'!G$41,1000000),IF($F2=1,'Данные'!G$42,1000000)) | M2: =MIN(IF($B2=1,'Данные'!H$38,1000000),IF($C2=1,'Данные'!H$39,1000000),IF($D2=1,'Данные'!H$40,1000000),IF($E2=1,'Данные'!H$41,1000000),IF($F2=1,'Данные'!H$42,1000000)) | N2: =B2*'Данные'!$B$12+C2*'Данные'!$B$13+D2*'Данные'!$B$14+E2*'Данные'!$B$15+F2*'Данные'!$B$16 | O2: =G2*'Данные'!$B$20+H2*'Данные'!$B$21+I2*'Данные'!$B$22+J2*'Данные'!$B$23+K2*'Данные'!$B$24+L2*'Данные'!$B$25+M2*'Данные'!$B$26 | P2: =N2+O2 | Q2: =SUBSTITUTE(TRIM(IF(B2=1,"Владивосток ","")&IF(C2=1,"Новосибирск ","")&IF(D2=1,"Екатеринбург ","")&IF(E2=1,"Москва ","")&IF(F2=1,"Краснодар ",""))," ",", ")
A3: 2 | B3: 0 | C3: 1 | D3: 0 | E3: 0 | F3: 0 | G3: =MIN(IF($B3=1,'Данные'!B$38,1000000),IF($C3=1,'Данные'!B$39,1000000),IF($D3=1,'Данные'!B$40,1000000),IF($E3=1,'Данные'!B$41,1000000),IF($F3=1,'Данные'!B$42,1000000)) | H3: =MIN(IF($B3=1,'Данные'!C$38,1000000),IF($C3=1,'Данные'!C$39,1000000),IF($D3=1,'Данные'!C$40,1000000),IF($E3=1,'Данные'!C$41,1000000),IF($F3=1,'Данные'!C$42,1000000)) | I3: =MIN(IF($B3=1,'Данные'!D$38,1000000),IF($C3=1,'Данные'!D$39,1000000),IF($D3=1,'Данные'!D$40,1000000),IF($E3=1,'Данные'!D$41,1000000),IF($F3=1,'Данные'!D$42,1000000)) | J3: =MIN(IF($B3=1,'Данные'!E$38,1000000),IF($C3=1,'Данные'!E$39,1000000),IF($D3=1,'Данные'!E$40,1000000),IF($E3=1,'Данные'!E$41,1000000),IF($F3=1,'Данные'!E$42,1000000)) | K3: =MIN(IF($B3=1,'Данные'!F$38,1000000),IF($C3=1,'Данные'!F$39,1000000),IF($D3=1,'Данные'!F$40,1000000),IF($E3=1,'Данные'!F$41,1000000),IF($F3=1,'Данные'!F$42,1000000)) | L3: =MIN(IF($B3=1,'Данные'!G$38,1000000),IF($C3=1,'Данные'!G$39,1000000),IF($D3=1,'Данные'!G$40,1000000),IF($E3=1,'Данные'!G$41,1000000),IF($F3=1,'Данные'!G$42,1000000)) | M3: =MIN(IF($B3=1,'Данные'!H$38,1000000),IF($C3=1,'Данные'!H$39,1000000),IF($D3=1,'Данные'!H$40,1000000),IF($E3=1,'Данные'!H$41,1000000),IF($F3=1,'Данные'!H$42,1000000)) | N3: =B3*'Данные'!$B$12+C3*'Данные'!$B$13+D3*'Данные'!$B$14+E3*'Данные'!$B$15+F3*'Данные'!$B$16 | O3: =G3*'Данные'!$B$20+H3*'Данные'!$B$21+I3*'Данные'!$B$22+J3*'Данные'!$B$23+K3*'Данные'!$B$24+L3*'Данные'!$B$25+M3*'Данные'!$B$26 | P3: =N3+O3 | Q3: =SUBSTITUTE(TRIM(IF(B3=1,"Владивосток ","")&IF(C3=1,"Новосибирск ","")&IF(D3=1,"Екатеринбург ","")&IF(E3=1,"Москва ","")&IF(F3=1,"Краснодар ",""))," ",", ")
A4: 3 | B4: 1 | C4: 1 | D4: 0 | E4: 0 | F4: 0 | G4: =MIN(IF($B4=1,'Данные'!B$38,1000000),IF($C4=1,'Данные'!B$39,1000000),IF($D4=1,'Данные'!B$40,1000000),IF($E4=1,'Данные'!B$41,1000000),IF($F4=1,'Данные'!B$42,1000000)) | H4: =MIN(IF($B4=1,'Данные'!C$38,1000000),IF($C4=1,'Данные'!C$39,1000000),IF($D4=1,'Данные'!C$40,1000000),IF($E4=1,'Данные'!C$41,1000000),IF($F4=1,'Данные'!C$42,1000000)) | I4: =MIN(IF($B4=1,'Данные'!D$38,1000000),IF($C4=1,'Данные'!D$39,1000000),IF($D4=1,'Данные'!D$40,1000000),IF($E4=1,'Данные'!D$41,1000000),IF($F4=1,'Данные'!D$42,1000000)) | J4: =MIN(IF($B4=1,'Данные'!E$38,1000000),IF($C4=1,'Данные'!E$39,1000000),IF($D4=1,'Данные'!E$40,1000000),IF($E4=1,'Данные'!E$41,1000000),IF($F4=1,'Данные'!E$42,1000000)) | K4: =MIN(IF($B4=1,'Данные'!F$38,1000000),IF($C4=1,'Данные'!F$39,1000000),IF($D4=1,'Данные'!F$40,1000000),IF($E4=1,'Данные'!F$41,1000000),IF($F4=1,'Данные'!F$42,1000000)) | L4: =MIN(IF($B4=1,'Данные'!G$38,1000000),IF($C4=1,'Данные'!G$39,1000000),IF($D4=1,'Данные'!G$40,1000000),IF($E4=1,'Данные'!G$41,1000000),IF($F4=1,'Данные'!G$42,1000000)) | M4: =MIN(IF($B4=1,'Данные'!H$38,1000000),IF($C4=1,'Данные'!H$39,1000000),IF($D4=1,'Данные'!H$40,1000000),IF($E4=1,'Данные'!H$41,1000000),IF($F4=1,'Данные'!H$42,1000000)) | N4: =B4*'Данные'!$B$12+C4*'Данные'!$B$13+D4*'Данные'!$B$14+E4*'Данные'!$B$15+F4*'Данные'!$B$16 | O4: =G4*'Данные'!$B$20+H4*'Данные'!$B$21+I4*'Данные'!$B$22+J4*'Данные'!$B$23+K4*'Данные'!$B$24+L4*'Данные'!$B$25+M4*'Данные'!$B$26 | P4: =N4+O4 | Q4: =SUBSTITUTE(TRIM(IF(B4=1,"Владивосток ","")&IF(C4=1,"Новосибирск ","")&IF(D4=1,"Екатеринбург ","")&IF(E4=1,"Москва ","")&IF(F4=1,"Краснодар ",""))," ",", ")
A5: 4 | B5: 0 | C5: 0 | D5: 1 | E5: 0 | F5: 0 | G5: =MIN(IF($B5=1,'Данные'!B$38,1000000),IF($C5=1,'Данные'!B$39,1000000),IF($D5=1,'Данные'!B$40,1000000),IF($E5=1,'Данные'!B$41,1000000),IF($F5=1,'Данные'!B$42,1000000)) | H5: =MIN(IF($B5=1,'Данные'!C$38,1000000),IF($C5=1,'Данные'!C$39,1000000),IF($D5=1,'Данные'!C$40,1000000),IF($E5=1,'Данные'!C$41,1000000),IF($F5=1,'Данные'!C$42,1000000)) | I5: =MIN(IF($B5=1,'Данные'!D$38,1000000),IF($C5=1,'Данные'!D$39,1000000),IF($D5=1,'Данные'!D$40,1000000),IF($E5=1,'Данные'!D$41,1000000),IF($F5=1,'Данные'!D$42,1000000)) | J5: =MIN(IF($B5=1,'Данные'!E$38,1000000),IF($C5=1,'Данные'!E$39,1000000),IF($D5=1,'Данные'!E$40,1000000),IF($E5=1,'Данные'!E$41,1000000),IF($F5=1,'Данные'!E$42,1000000)) | K5: =MIN(IF($B5=1,'Данные'!F$38,1000000),IF($C5=1,'Данные'!F$39,1000000),IF($D5=1,'Данные'!F$40,1000000),IF($E5=1,'Данные'!F$41,1000000),IF($F5=1,'Данные'!F$42,1000000)) | L5: =MIN(IF($B5=1,'Данные'!G$38,1000000),IF($C5=1,'Данные'!G$39,1000000),IF($D5=1,'Данные'!G$40,1000000),IF($E5=1,'Данные'!G$41,1000000),IF($F5=1,'Данные'!G$42,1000000)) | M5: =MIN(IF($B5=1,'Данные'!H$38,1000000),IF($C5=1,'Данные'!H$39,1000000),IF($D5=1,'Данные'!H$40,1000000),IF($E5=1,'Данные'!H$41,1000000),IF($F5=1,'Данные'!H$42,1000000)) | N5: =B5*'Данные'!$B$12+C5*'Данные'!$B$13+D5*'Данные'!$B$14+E5*'Данные'!$B$15+F5*'Данные'!$B$16 | O5: =G5*'Данные'!$B$20+H5*'Данные'!$B$21+I5*'Данные'!$B$22+J5*'Данные'!$B$23+K5*'Данные'!$B$24+L5*'Данные'!$B$25+M5*'Данные'!$B$26 | P5: =N5+O5 | Q5: =SUBSTITUTE(TRIM(IF(B5=1,"Владивосток ","")&IF(C5=1,"Новосибирск ","")&IF(D5=1,"Екатеринбург ","")&IF(E5=1,"Москва ","")&IF(F5=1,"Краснодар ",""))," ",", ")
A6: 5 | B6: 1 | C6: 0 | D6: 1 | E6: 0 | F6: 0 | G6: =MIN(IF($B6=1,'Данные'!B$38,1000000),IF($C6=1,'Данные'!B$39,1000000),IF($D6=1,'Данные'!B$40,1000000),IF($E6=1,'Данные'!B$41,1000000),IF($F6=1,'Данные'!B$42,1000000)) | H6: =MIN(IF($B6=1,'Данные'!C$38,1000000),IF($C6=1,'Данные'!C$39,1000000),IF($D6=1,'Данные'!C$40,1000000),IF($E6=1,'Данные'!C$41,1000000),IF($F6=1,'Данные'!C$42,1000000)) | I6: =MIN(IF($B6=1,'Данные'!D$38,1000000),IF($C6=1,'Данные'!D$39,1000000),IF($D6=1,'Данные'!D$40,1000000),IF($E6=1,'Данные'!D$41,1000000),IF($F6=1,'Данные'!D$42,1000000)) | J6: =MIN(IF($B6=1,'Данные'!E$38,1000000),IF($C6=1,'Данные'!E$39,1000000),IF($D6=1,'Данные'!E$40,1000000),IF($E6=1,'Данные'!E$41,1000000),IF($F6=1,'Данные'!E$42,1000000)) | K6: =MIN(IF($B6=1,'Данные'!F$38,1000000),IF($C6=1,'Данные'!F$39,1000000),IF($D6=1,'Данные'!F$40,1000000),IF($E6=1,'Данные'!F$41,1000000),IF($F6=1,'Данные'!F$42,1000000)) | L6: =MIN(IF($B6=1,'Данные'!G$38,1000000),IF($C6=1,'Данные'!G$39,1000000),IF($D6=1,'Данные'!G$40,1000000),IF($E6=1,'Данные'!G$41,1000000),IF($F6=1,'Данные'!G$42,1000000)) | M6: =MIN(IF($B6=1,'Данные'!H$38,1000000),IF($C6=1,'Данные'!H$39,1000000),IF($D6=1,'Данные'!H$40,1000000),IF($E6=1,'Данные'!H$41,1000000),IF($F6=1,'Данные'!H$42,1000000)) | N6: =B6*'Данные'!$B$12+C6*'Данные'!$B$13+D6*'Данные'!$B$14+E6*'Данные'!$B$15+F6*'Данные'!$B$16 | O6: =G6*'Данные'!$B$20+H6*'Данные'!$B$21+I6*'Данные'!$B$22+J6*'Данные'!$B$23+K6*'Данные'!$B$24+L6*'Данные'!$B$25+M6*'Данные'!$B$26 | P6: =N6+O6 | Q6: =SUBSTITUTE(TRIM(IF(B6=1,"Владивосток ","")&IF(C6=1,"Новосибирск ","")&IF(D6=1,"Екатеринбург ","")&IF(E6=1,"Москва ","")&IF(F6=1,"Краснодар ",""))," ",", ")
A7: 6 | B7: 0 | C7: 1 | D7: 1 | E7: 0 | F7: 0 | G7: =MIN(IF($B7=1,'Данные'!B$38,1000000),IF($C7=1,'Данные'!B$39,1000000),IF($D7=1,'Данные'!B$40,1000000),IF($E7=1,'Данные'!B$41,1000000),IF($F7=1,'Данные'!B$42,1000000)) | H7: =MIN(IF($B7=1,'Данные'!C$38,1000000),IF($C7=1,'Данные'!C$39,1000000),IF($D7=1,'Данные'!C$40,1000000),IF($E7=1,'Данные'!C$41,1000000),IF($F7=1,'Данные'!C$42,1000000)) | I7: =MIN(IF($B7=1,'Данные'!D$38,1000000),IF($C7=1,'Данные'!D$39,1000000),IF($D7=1,'Данные'!D$40,1000000),IF($E7=1,'Данные'!D$41,1000000),IF($F7=1,'Данные'!D$42,1000000)) | J7: =MIN(IF($B7=1,'Данные'!E$38,1000000),IF($C7=1,'Данные'!E$39,1000000),IF($D7=1,'Данные'!E$40,1000000),IF($E7=1,'Данные'!E$41,1000000),IF($F7=1,'Данные'!E$42,1000000)) | K7: =MIN(IF($B7=1,'Данные'!F$38,1000000),IF($C7=1,'Данные'!F$39,1000000),IF($D7=1,'Данные'!F$40,1000000),IF($E7=1,'Данные'!F$41,1000000),IF($F7=1,'Данные'!F$42,1000000)) | L7: =MIN(IF($B7=1,'Данные'!G$38,1000000),IF($C7=1,'Данные'!G$39,1000000),IF($D7=1,'Данные'!G$40,1000000),IF($E7=1,'Данные'!G$41,1000000),IF($F7=1,'Данные'!G$42,1000000)) | M7: =MIN(IF($B7=1,'Данные'!H$38,1000000),IF($C7=1,'Данные'!H$39,1000000),IF($D7=1,'Данные'!H$40,1000000),IF($E7=1,'Данные'!H$41,1000000),IF($F7=1,'Данные'!H$42,1000000)) | N7: =B7*'Данные'!$B$12+C7*'Данные'!$B$13+D7*'Данные'!$B$14+E7*'Данные'!$B$15+F7*'Данные'!$B$16 | O7: =G7*'Данные'!$B$20+H7*'Данные'!$B$21+I7*'Данные'!$B$22+J7*'Данные'!$B$23+K7*'Данные'!$B$24+L7*'Данные'!$B$25+M7*'Данные'!$B$26 | P7: =N7+O7 | Q7: =SUBSTITUTE(TRIM(IF(B7=1,"Владивосток ","")&IF(C7=1,"Новосибирск ","")&IF(D7=1,"Екатеринбург ","")&IF(E7=1,"Москва ","")&IF(F7=1,"Краснодар ",""))," ",", ")
A8: 7 | B8: 1 | C8: 1 | D8: 1 | E8: 0 | F8: 0 | G8: =MIN(IF($B8=1,'Данные'!B$38,1000000),IF($C8=1,'Данные'!B$39,1000000),IF($D8=1,'Данные'!B$40,1000000),IF($E8=1,'Данные'!B$41,1000000),IF($F8=1,'Данные'!B$42,1000000)) | H8: =MIN(IF($B8=1,'Данные'!C$38,1000000),IF($C8=1,'Данные'!C$39,1000000),IF($D8=1,'Данные'!C$40,1000000),IF($E8=1,'Данные'!C$41,1000000),IF($F8=1,'Данные'!C$42,1000000)) | I8: =MIN(IF($B8=1,'Данные'!D$38,1000000),IF($C8=1,'Данные'!D$39,1000000),IF($D8=1,'Данные'!D$40,1000000),IF($E8=1,'Данные'!D$41,1000000),IF($F8=1,'Данные'!D$42,1000000)) | J8: =MIN(IF($B8=1,'Данные'!E$38,1000000),IF($C8=1,'Данные'!E$39,1000000),IF($D8=1,'Данные'!E$40,1000000),IF($E8=1,'Данные'!E$41,1000000),IF($F8=1,'Данные'!E$42,1000000)) | K8: =MIN(IF($B8=1,'Данные'!F$38,1000000),IF($C8=1,'Данные'!F$39,1000000),IF($D8=1,'Данные'!F$40,1000000),IF($E8=1,'Данные'!F$41,1000000),IF($F8=1,'Данные'!F$42,1000000)) | L8: =MIN(IF($B8=1,'Данные'!G$38,1000000),IF($C8=1,'Данные'!G$39,1000000),IF($D8=1,'Данные'!G$40,1000000),IF($E8=1,'Данные'!G$41,1000000),IF($F8=1,'Данные'!G$42,1000000)) | M8: =MIN(IF($B8=1,'Данные'!H$38,1000000),IF($C8=1,'Данные'!H$39,1000000),IF($D8=1,'Данные'!H$40,1000000),IF($E8=1,'Данные'!H$41,1000000),IF($F8=1,'Данные'!H$42,1000000)) | N8: =B8*'Данные'!$B$12+C8*'Данные'!$B$13+D8*'Данные'!$B$14+E8*'Данные'!$B$15+F8*'Данные'!$B$16 | O8: =G8*'Данные'!$B$20+H8*'Данные'!$B$21+I8*'Данные'!$B$22+J8*'Данные'!$B$23+K8*'Данные'!$B$24+L8*'Данные'!$B$25+M8*'Данные'!$B$26 | P8: =N8+O8 | Q8: =SUBSTITUTE(TRIM(IF(B8=1,"Владивосток ","")&IF(C8=1,"Новосибирск ","")&IF(D8=1,"Екатеринбург ","")&IF(E8=1,"Москва ","")&IF(F8=1,"Краснодар ",""))," ",", ")
A9: 8 | B9: 0 | C9: 0 | D9: 0 | E9: 1 | F9: 0 | G9: =MIN(IF($B9=1,'Данные'!B$38,1000000),IF($C9=1,'Данные'!B$39,1000000),IF($D9=1,'Данные'!B$40,1000000),IF($E9=1,'Данные'!B$41,1000000),IF($F9=1,'Данные'!B$42,1000000)) | H9: =MIN(IF($B9=1,'Данные'!C$38,1000000),IF($C9=1,'Данные'!C$39,1000000),IF($D9=1,'Данные'!C$40,1000000),IF($E9=1,'Данные'!C$41,1000000),IF($F9=1,'Данные'!C$42,1000000)) | I9: =MIN(IF($B9=1,'Данные'!D$38,1000000),IF($C9=1,'Данные'!D$39,1000000),IF($D9=1,'Данные'!D$40,1000000),IF($E9=1,'Данные'!D$41,1000000),IF($F9=1,'Данные'!D$42,1000000)) | J9: =MIN(IF($B9=1,'Данные'!E$38,1000000),IF($C9=1,'Данные'!E$39,1000000),IF($D9=1,'Данные'!E$40,1000000),IF($E9=1,'Данные'!E$41,1000000),IF($F9=1,'Данные'!E$42,1000000)) | K9: =MIN(IF($B9=1,'Данные'!F$38,1000000),IF($C9=1,'Данные'!F$39,1000000),IF($D9=1,'Данные'!F$40,1000000),IF($E9=1,'Данные'!F$41,1000000),IF($F9=1,'Данные'!F$42,1000000)) | L9: =MIN(IF($B9=1,'Данные'!G$38,1000000),IF($C9=1,'Данные'!G$39,1000000),IF($D9=1,'Данные'!G$40,1000000),IF($E9=1,'Данные'!G$41,1000000),IF($F9=1,'Данные'!G$42,1000000)) | M9: =MIN(IF($B9=1,'Данные'!H$38,1000000),IF($C9=1,'Данные'!H$39,1000000),IF($D9=1,'Данные'!H$40,1000000),IF($E9=1,'Данные'!H$41,1000000),IF($F9=1,'Данные'!H$42,1000000)) | N9: =B9*'Данные'!$B$12+C9*'Данные'!$B$13+D9*'Данные'!$B$14+E9*'Данные'!$B$15+F9*'Данные'!$B$16 | O9: =G9*'Данные'!$B$20+H9*'Данные'!$B$21+I9*'Данные'!$B$22+J9*'Данные'!$B$23+K9*'Данные'!$B$24+L9*'Данные'!$B$25+M9*'Данные'!$B$26 | P9: =N9+O9 | Q9: =SUBSTITUTE(TRIM(IF(B9=1,"Владивосток ","")&IF(C9=1,"Новосибирск ","")&IF(D9=1,"Екатеринбург ","")&IF(E9=1,"Москва ","")&IF(F9=1,"Краснодар ",""))," ",", ")
A10: 9 | B10: 1 | C10: 0 | D10: 0 | E10: 1 | F10: 0 | G10: =MIN(IF($B10=1,'Данные'!B$38,1000000),IF($C10=1,'Данные'!B$39,1000000),IF($D10=1,'Данные'!B$40,1000000),IF($E10=1,'Данные'!B$41,1000000),IF($F10=1,'Данные'!B$42,1000000)) | H10: =MIN(IF($B10=1,'Данные'!C$38,1000000),IF($C10=1,'Данные'!C$39,1000000),IF($D10=1,'Данные'!C$40,1000000),IF($E10=1,'Данные'!C$41,1000000),IF($F10=1,'Данные'!C$42,1000000)) | I10: =MIN(IF($B10=1,'Данные'!D$38,1000000),IF($C10=1,'Данные'!D$39,1000000),IF($D10=1,'Данные'!D$40,1000000),IF($E10=1,'Данные'!D$41,1000000),IF($F10=1,'Данные'!D$42,1000000)) | J10: =MIN(IF($B10=1,'Данные'!E$38,1000000),IF($C10=1,'Данные'!E$39,1000000),IF($D10=1,'Данные'!E$40,1000000),IF($E10=1,'Данные'!E$41,1000000),IF($F10=1,'Данные'!E$42,1000000)) | K10: =MIN(IF($B10=1,'Данные'!F$38,1000000),IF($C10=1,'Данные'!F$39,1000000),IF($D10=1,'Данные'!F$40,1000000),IF($E10=1,'Данные'!F$41,1000000),IF($F10=1,'Данные'!F$42,1000000)) | L10: =MIN(IF($B10=1,'Данные'!G$38,1000000),IF($C10=1,'Данные'!G$39,1000000),IF($D10=1,'Данные'!G$40,1000000),IF($E10=1,'Данные'!G$41,1000000),IF($F10=1,'Данные'!G$42,1000000)) | M10: =MIN(IF($B10=1,'Данные'!H$38,1000000),IF($C10=1,'Данные'!H$39,1000000),IF($D10=1,'Данные'!H$40,1000000),IF($E10=1,'Данные'!H$41,1000000),IF($F10=1,'Данные'!H$42,1000000)) | N10: =B10*'Данные'!$B$12+C10*'Данные'!$B$13+D10*'Данные'!$B$14+E10*'Данные'!$B$15+F10*'Данные'!$B$16 | O10: =G10*'Данные'!$B$20+H10*'Данные'!$B$21+I10*'Данные'!$B$22+J10*'Данные'!$B$23+K10*'Данные'!$B$24+L10*'Данные'!$B$25+M10*'Данные'!$B$26 | P10: =N10+O10 | Q10: =SUBSTITUTE(TRIM(IF(B10=1,"Владивосток ","")&IF(C10=1,"Новосибирск ","")&IF(D10=1,"Екатеринбург ","")&IF(E10=1,"Москва ","")&IF(F10=1,"Краснодар ",""))," ",", ")
A11: 10 | B11: 0 | C11: 1 | D11: 0 | E11: 1 | F11: 0 | G11: =MIN(IF($B11=1,'Данные'!B$38,1000000),IF($C11=1,'Данные'!B$39,1000000),IF($D11=1,'Данные'!B$40,1000000),IF($E11=1,'Данные'!B$41,1000000),IF($F11=1,'Данные'!B$42,1000000)) | H11: =MIN(IF($B11=1,'Данные'!C$38,1000000),IF($C11=1,'Данные'!C$39,1000000),IF($D11=1,'Данные'!C$40,1000000),IF($E11=1,'Данные'!C$41,1000000),IF($F11=1,'Данные'!C$42,1000000)) | I11: =MIN(IF($B11=1,'Данные'!D$38,1000000),IF($C11=1,'Данные'!D$39,1000000),IF($D11=1,'Данные'!D$40,1000000),IF($E11=1,'Данные'!D$41,1000000),IF($F11=1,'Данные'!D$42,1000000)) | J11: =MIN(IF($B11=1,'Данные'!E$38,1000000),IF($C11=1,'Данные'!E$39,1000000),IF($D11=1,'Данные'!E$40,1000000),IF($E11=1,'Данные'!E$41,1000000),IF($F11=1,'Данные'!E$42,1000000)) | K11: =MIN(IF($B11=1,'Данные'!F$38,1000000),IF($C11=1,'Данные'!F$39,1000000),IF($D11=1,'Данные'!F$40,1000000),IF($E11=1,'Данные'!F$41,1000000),IF($F11=1,'Данные'!F$42,1000000)) | L11: =MIN(IF($B11=1,'Данные'!G$38,1000000),IF($C11=1,'Данные'!G$39,1000000),IF($D11=1,'Данные'!G$40,1000000),IF($E11=1,'Данные'!G$41,1000000),IF($F11=1,'Данные'!G$42,1000000)) | M11: =MIN(IF($B11=1,'Данные'!H$38,1000000),IF($C11=1,'Данные'!H$39,1000000),IF($D11=1,'Данные'!H$40,1000000),IF($E11=1,'Данные'!H$41,1000000),IF($F11=1,'Данные'!H$42,1000000)) | N11: =B11*'Данные'!$B$12+C11*'Данные'!$B$13+D11*'Данные'!$B$14+E11*'Данные'!$B$15+F11*'Данные'!$B$16 | O11: =G11*'Данные'!$B$20+H11*'Данные'!$B$21+I11*'Данные'!$B$22+J11*'Данные'!$B$23+K11*'Данные'!$B$24+L11*'Данные'!$B$25+M11*'Данные'!$B$26 | P11: =N11+O11 | Q11: =SUBSTITUTE(TRIM(IF(B11=1,"Владивосток ","")&IF(C11=1,"Новосибирск ","")&IF(D11=1,"Екатеринбург ","")&IF(E11=1,"Москва ","")&IF(F11=1,"Краснодар ",""))," ",", ")
A12: 11 | B12: 1 | C12: 1 | D12: 0 | E12: 1 | F12: 0 | G12: =MIN(IF($B12=1,'Данные'!B$38,1000000),IF($C12=1,'Данные'!B$39,1000000),IF($D12=1,'Данные'!B$40,1000000),IF($E12=1,'Данные'!B$41,1000000),IF($F12=1,'Данные'!B$42,1000000)) | H12: =MIN(IF($B12=1,'Данные'!C$38,1000000),IF($C12=1,'Данные'!C$39,1000000),IF($D12=1,'Данные'!C$40,1000000),IF($E12=1,'Данные'!C$41,1000000),IF($F12=1,'Данные'!C$42,1000000)) | I12: =MIN(IF($B12=1,'Данные'!D$38,1000000),IF($C12=1,'Данные'!D$39,1000000),IF($D12=1,'Данные'!D$40,1000000),IF($E12=1,'Данные'!D$41,1000000),IF($F12=1,'Данные'!D$42,1000000)) | J12: =MIN(IF($B12=1,'Данные'!E$38,1000000),IF($C12=1,'Данные'!E$39,1000000),IF($D12=1,'Данные'!E$40,1000000),IF($E12=1,'Данные'!E$41,1000000),IF($F12=1,'Данные'!E$42,1000000)) | K12: =MIN(IF($B12=1,'Данные'!F$38,1000000),IF($C12=1,'Данные'!F$39,1000000),IF($D12=1,'Данные'!F$40,1000000),IF($E12=1,'Данные'!F$41,1000000),IF($F12=1,'Данные'!F$42,1000000)) | L12: =MIN(IF($B12=1,'Данные'!G$38,1000000),IF($C12=1,'Данные'!G$39,1000000),IF($D12=1,'Данные'!G$40,1000000),IF($E12=1,'Данные'!G$41,1000000),IF($F12=1,'Данные'!G$42,1000000)) | M12: =MIN(IF($B12=1,'Данные'!H$38,1000000),IF($C12=1,'Данные'!H$39,1000000),IF($D12=1,'Данные'!H$40,1000000),IF($E12=1,'Данные'!H$41,1000000),IF($F12=1,'Данные'!H$42,1000000)) | N12: =B12*'Данные'!$B$12+C12*'Данные'!$B$13+D12*'Данные'!$B$14+E12*'Данные'!$B$15+F12*'Данные'!$B$16 | O12: =G12*'Данные'!$B$20+H12*'Данные'!$B$21+I12*'Данные'!$B$22+J12*'Данные'!$B$23+K12*'Данные'!$B$24+L12*'Данные'!$B$25+M12*'Данные'!$B$26 | P12: =N12+O12 | Q12: =SUBSTITUTE(TRIM(IF(B12=1,"Владивосток ","")&IF(C12=1,"Новосибирск ","")&IF(D12=1,"Екатеринбург ","")&IF(E12=1,"Москва ","")&IF(F12=1,"Краснодар ",""))," ",", ")
A13: 12 | B13: 0 | C13: 0 | D13: 1 | E13: 1 | F13: 0 | G13: =MIN(IF($B13=1,'Данные'!B$38,1000000),IF($C13=1,'Данные'!B$39,1000000),IF($D13=1,'Данные'!B$40,1000000),IF($E13=1,'Данные'!B$41,1000000),IF($F13=1,'Данные'!B$42,1000000)) | H13: =MIN(IF($B13=1,'Данные'!C$38,1000000),IF($C13=1,'Данные'!C$39,1000000),IF($D13=1,'Данные'!C$40,1000000),IF($E13=1,'Данные'!C$41,1000000),IF($F13=1,'Данные'!C$42,1000000)) | I13: =MIN(IF($B13=1,'Данные'!D$38,1000000),IF($C13=1,'Данные'!D$39,1000000),IF($D13=1,'Данные'!D$40,1000000),IF($E13=1,'Данные'!D$41,1000000),IF($F13=1,'Данные'!D$42,1000000)) | J13: =MIN(IF($B13=1,'Данные'!E$38,1000000),IF($C13=1,'Данные'!E$39,1000000),IF($D13=1,'Данные'!E$40,1000000),IF($E13=1,'Данные'!E$41,1000000),IF($F13=1,'Данные'!E$42,1000000)) | K13: =MIN(IF($B13=1,'Данные'!F$38,1000000),IF($C13=1,'Данные'!F$39,1000000),IF($D13=1,'Данные'!F$40,1000000),IF($E13=1,'Данные'!F$41,1000000),IF($F13=1,'Данные'!F$42,1000000)) | L13: =MIN(IF($B13=1,'Данные'!G$38,1000000),IF($C13=1,'Данные'!G$39,1000000),IF($D13=1,'Данные'!G$40,1000000),IF($E13=1,'Данные'!G$41,1000000),IF($F13=1,'Данные'!G$42,1000000)) | M13: =MIN(IF($B13=1,'Данные'!H$38,1000000),IF($C13=1,'Данные'!H$39,1000000),IF($D13=1,'Данные'!H$40,1000000),IF($E13=1,'Данные'!H$41,1000000),IF($F13=1,'Данные'!H$42,1000000)) | N13: =B13*'Данные'!$B$12+C13*'Данные'!$B$13+D13*'Данные'!$B$14+E13*'Данные'!$B$15+F13*'Данные'!$B$16 | O13: =G13*'Данные'!$B$20+H13*'Данные'!$B$21+I13*'Данные'!$B$22+J13*'Данные'!$B$23+K13*'Данные'!$B$24+L13*'Данные'!$B$25+M13*'Данные'!$B$26 | P13: =N13+O13 | Q13: =SUBSTITUTE(TRIM(IF(B13=1,"Владивосток ","")&IF(C13=1,"Новосибирск ","")&IF(D13=1,"Екатеринбург ","")&IF(E13=1,"Москва ","")&IF(F13=1,"Краснодар ",""))," ",", ")
... A32: 31 | B32: 1 | C32: 1 | D32: 1 | E32: 1 | F32: 1 | G32: =MIN(IF($B32=1,'Данные'!B$38,1000000),IF($C32=1,'Данные'!B$39,1000000),IF($D32=1,'Данные'!B$40,1000000),IF($E32=1,'Данные'!B$41,1000000),IF($F32=1,'Данные'!B$42,1000000)) | H32: =MIN(IF($B32=1,'Данные'!C$38,1000000),IF($C32=1,'Данные'!C$39,1000000),IF($D32=1,'Данные'!C$40,1000000),IF($E32=1,'Данные'!C$41,1000000),IF($F32=1,'Данные'!C$42,1000000)) | I32: =MIN(IF($B32=1,'Данные'!D$38,1000000),IF($C32=1,'Данные'!D$39,1000000),IF($D32=1,'Данные'!D$40,1000000),IF($E32=1,'Данные'!D$41,1000000),IF($F32=1,'Данные'!D$42,1000000)) | J32: =MIN(IF($B32=1,'Данные'!E$38,1000000),IF($C32=1,'Данные'!E$39,1000000),IF($D32=1,'Данные'!E$40,1000000),IF($E32=1,'Данные'!E$41,1000000),IF($F32=1,'Данные'!E$42,1000000)) | K32: =MIN(IF($B32=1,'Данные'!F$38,1000000),IF($C32=1,'Данные'!F$39,1000000),IF($D32=1,'Данные'!F$40,1000000),IF($E32=1,'Данные'!F$41,1000000),IF($F32=1,'Данные'!F$42,1000000)) | L32: =MIN(IF($B32=1,'Данные'!G$38,1000000),IF($C32=1,'Данные'!G$39,1000000),IF($D32=1,'Данные'!G$40,1000000),IF($E32=1,'Данные'!G$41,1000000),IF($F32=1,'Данные'!G$42,1000000)) | M32: =MIN(IF($B32=1,'Данные'!H$38,1000000),IF($C32=1,'Данные'!H$39,1000000),IF($D32=1,'Данные'!H$40,1000000),IF($E32=1,'Данные'!H$41,1000000),IF($F32=1,'Данные'!H$42,1000000)) | N32: =B32*'Данные'!$B$12+C32*'Данные'!$B$13+D32*'Данные'!$B$14+E32*'Данные'!$B$15+F32*'Данные'!$B$16 | O32: =G32*'Данные'!$B$20+H32*'Данные'!$B$21+I32*'Данные'!$B$22+J32*'Данные'!$B$23+K32*'Данные'!$B$24+L32*'Данные'!$B$25+M32*'Данные'!$B$26 | P32: =N32+O32 | Q32: =SUBSTITUTE(TRIM(IF(B32=1,"Владивосток ","")&IF(C32=1,"Новосибирск ","")&IF(D32=1,"Екатеринбург ","")&IF(E32=1,"Москва ","")&IF(F32=1,"Краснодар ",""))," ",", ")

Sheet Результат
A1: Результат расчёта
A3: Лучшая сеть | B3: =INDEX('Перебор'!Q2:Q32,MATCH(B4,'Перебор'!P2:P32,0))
A4: Затраты лучшей сети, млн ₽/год | B4: =MIN('Перебор'!P2:P32)
A5: Затраты схемы «всё через Москву», млн ₽/год | B5: ='Перебор'!P9
A6: Экономия, млн ₽/год | B6: =B5-B4
A7: Экономия, % | B7: =B6/B5
A8: Затраты лучшей сети на тонну, тыс. ₽/т | B8: =B4/'Данные'!B27
A10: Контрольные значения (при тарифах +0% / +30% и границе 0 / 1). Сверьте со своим расчётом.
A11: Сценарий | B11: Лучшая сеть | C11: Затраты сети, млн ₽ | D11: «Всё через Москву», млн ₽ | E11: Экономия, %
A12: Базовый (тарифы +0%, граница 0) | B12: Владивосток, Новосибирск, Екатеринбург | C12: 2971 | D12: 3564 | E12: =1-C12/D12
A13: Тарифы +30% (B3=30, B4=0) | B13: Владивосток, Новосибирск, Екатеринбург | C13: 3380 | D13: 4158 | E13: =1-C13/D13
A14: Граница закрыта (B3=0, B4=1) | B14: Владивосток, Екатеринбург | C14: 3735 | D14: 4477 | E14: =1-C14/D14
A15: Тарифы +30% и граница (B3=30, B4=1) | B15: Владивосток, Екатеринбург | C15: 4191 | D15: 5160 | E15: =1-C15/D15

Sheet Одна сеть
A1: Ручной вариант для «Поиска решения»
A2: Хабы | B2: Владивосток | C2: Новосибирск | D2: Екатеринбург | E2: Москва | F2: Краснодар
A3: Открыт (1/0) | B3: 1 | C3: 1 | D3: 1 | E3: 0 | F3: 0
A5: Стоимость для региона при открытых хабах (закрытый хаб = 1 000 000)
A6: Хаб | B6: Центр | C6: Северо-Запад | D6: Поволжье | E6: Юг | F6: Урал | G6: Сибирь | H6: Дальний Восток
A7: Владивосток | B7: =IF(B$3=1,'Данные'!B38,1000000) | C7: =IF(B$3=1,'Данные'!C38,1000000) | D7: =IF(B$3=1,'Данные'!D38,1000000) | E7: =IF(B$3=1,'Данные'!E38,1000000) | F7: =IF(B$3=1,'Данные'!F38,1000000) | G7: =IF(B$3=1,'Данные'!G38,1000000) | H7: =IF(B$3=1,'Данные'!H38,1000000)
A8: Новосибирск | B8: =IF(C$3=1,'Данные'!B39,1000000) | C8: =IF(C$3=1,'Данные'!C39,1000000) | D8: =IF(C$3=1,'Данные'!D39,1000000) | E8: =IF(C$3=1,'Данные'!E39,1000000) | F8: =IF(C$3=1,'Данные'!F39,1000000) | G8: =IF(C$3=1,'Данные'!G39,1000000) | H8: =IF(C$3=1,'Данные'!H39,1000000)
A9: Екатеринбург | B9: =IF(D$3=1,'Данные'!B40,1000000) | C9: =IF(D$3=1,'Данные'!C40,1000000) | D9: =IF(D$3=1,'Данные'!D40,1000000) | E9: =IF(D$3=1,'Данные'!E40,1000000) | F9: =IF(D$3=1,'Данные'!F40,1000000) | G9: =IF(D$3=1,'Данные'!G40,1000000) | H9: =IF(D$3=1,'Данные'!H40,1000000)
A10: Москва | B10: =IF(E$3=1,'Данные'!B41,1000000) | C10: =IF(E$3=1,'Данные'!C41,1000000) | D10: =IF(E$3=1,'Данные'!D41,1000000) | E10: =IF(E$3=1,'Данные'!E41,1000000) | F10: =IF(E$3=1,'Данные'!F41,1000000) | G10: =IF(E$3=1,'Данные'!G41,1000000) | H10: =IF(E$3=1,'Данные'!H41,1000000)
A11: Краснодар | B11: =IF(F$3=1,'Данные'!B42,1000000) | C11: =IF(F$3=1,'Данные'!C42,1000000) | D11: =IF(F$3=1,'Данные'!D42,1000000) | E11: =IF(F$3=1,'Данные'!E42,1000000) | F11: =IF(F$3=1,'Данные'!F42,1000000) | G11: =IF(F$3=1,'Данные'!G42,1000000) | H11: =IF(F$3=1,'Данные'!H42,1000000)
A13: Минимум по региону | B13: =MIN(B7:B11) | C13: =MIN(C7:C11) | D13: =MIN(D7:D11) | E13: =MIN(E7:E11) | F13: =MIN(F7:F11) | G13: =MIN(G7:G11) | H13: =MIN(H7:H11)
A14: Спрос, тыс. т/год | B14: ='Данные'!B20 | C14: ='Данные'!B21 | D14: ='Данные'!B22 | E14: ='Данные'!B23 | F14: ='Данные'!B24 | G14: ='Данные'!B25 | H14: ='Данные'!B26
A18: Хранение, млн ₽/год | B18: =B3*'Данные'!$B$12+C3*'Данные'!$B$13+D3*'Данные'!$B$14+E3*'Данные'!$B$15+F3*'Данные'!$B$16
A19: Доставка, млн ₽/год | B19: =SUMPRODUCT(B13:H13,B14:H14)
A20: ИТОГО (целевая клетка), млн ₽/год | B20: =B18+B19
A21: Число открытых хабов (должно быть >= 1) | B21: =SUM(B3:F3)
